{"cameraMode":{"drawMode":0,"name":"Shaded","section":"Shading Mode"},"sceneLighting":true,"audioPlay":false,"sceneViewState":{"showFog":true,"showMaterialUpdate":false,"showSkybox":true,"showFlares":true,"showImageEffects":true,"showParticleSystems":true},"in2DMode":false,"pivot":{"x":9.352396011352539,"y":-541.0528564453125,"z":205.7906494140625},"rotation":{"x":-0.5606401562690735,"y":-0.014373294077813626,"z":0.009769381955265999,"w":-0.8279716372489929},"size":799.4649047851563,"orthographic":false}