{"cameraMode":{"drawMode":0,"name":"Shaded","section":"Shading Mode"},"sceneLighting":true,"audioPlay":false,"sceneViewState":{"showFog":true,"showMaterialUpdate":false,"showSkybox":true,"showFlares":true,"showImageEffects":true,"showParticleSystems":true},"in2DMode":false,"pivot":{"x":61.472930908203128,"y":90.06368255615235,"z":-101.27686309814453},"rotation":{"x":0.379675030708313,"y":-0.0005711271078325808,"z":0.000248839205596596,"w":0.9252106547355652},"size":86.00885009765625,"orthographic":false}